2026/10/02 21:38:18.867, 128.20, 0, 0, 86122, 1980
2026/10/02 21:38:19.871, 129.10, 0, 0, 86122, 1980
2026/10/02 21:38:20.873, 128.89, 0, 0, 86122, 1980
2026/10/02 21:38:21.875, 128.91, 0, 0, 86122, 1980
2026/10/02 21:38:22.875, 128.85, 0, 0, 86122, 1980
2026/10/02 21:38:23.876, 128.59, 0, 0, 86122, 1980
2026/10/02 21:38:24.877, 128.85, 0, 0, 86122, 1980
2026/10/02 21:38:25.878, 128.96, 0, 0, 86122, 1980
2026/10/02 21:38:26.879, 129.01, 0, 0, 86122, 1980
2026/10/02 21:38:27.881, 129.08, 0, 0, 86122, 1980
2026/10/02 21:38:28.882, 128.77, 0, 0, 86122, 1980
2026/10/02 21:38:29.883, 129.16, 0, 0, 86126, 1980
2026/10/02 21:38:30.884, 450.46, 100, 93, 86124, 1980
2026/10/02 21:38:31.885, 489.87, 100, 93, 86124, 1980
2026/10/02 21:38:32.888, 494.33, 100, 93, 86124, 1980
2026/10/02 21:38:33.889, 497.80, 100, 93, 86124, 1980
2026/10/02 21:38:34.890, 450.50, 16, 11, 86124, 1980
2026/10/02 21:38:35.891, 497.51, 99, 93, 86124, 1980
2026/10/02 21:38:36.892, 491.99, 100, 93, 86124, 1980
2026/10/02 21:38:37.893, 498.58, 100, 93, 86124, 1980
2026/10/02 21:38:38.898, 497.93, 97, 90, 86124, 1980
2026/10/02 21:38:39.899, 437.82, 100, 93, 86124, 1980
2026/10/02 21:38:40.900, 499.05, 100, 93, 86124, 1980
2026/10/02 21:38:41.902, 493.33, 100, 93, 86124, 1980
2026/10/02 21:38:42.904, 499.17, 100, 93, 86124, 1980
2026/10/02 21:38:43.905, 500.66, 100, 93, 86124, 1980
2026/10/02 21:38:44.906, 460.08, 100, 93, 86124, 1980
2026/10/02 21:38:45.907, 483.53, 99, 92, 86124, 1980
2026/10/02 21:38:46.908, 495.10, 94, 88, 86124, 1980
2026/10/02 21:38:47.909, 500.80, 100, 93, 86124, 1980
2026/10/02 21:38:48.910, 479.53, 47, 20, 86124, 1980
2026/10/02 21:38:49.911, 475.49, 99, 92, 86124, 1980
2026/10/02 21:38:50.911, 495.12, 100, 93, 86124, 1980
2026/10/02 21:38:51.912, 499.33, 100, 93, 86124, 1980
2026/10/02 21:38:52.913, 504.72, 99, 92, 86124, 1980
2026/10/02 21:38:53.915, 436.74, 24, 16, 86124, 1980
2026/10/02 21:38:54.916, 505.09, 100, 93, 86124, 1980
2026/10/02 21:38:55.917, 505.74, 100, 93, 86124, 1980
2026/10/02 21:38:56.919, 504.43, 98, 92, 86124, 1980
2026/10/02 21:38:57.920, 505.11, 100, 93, 86124, 1980
2026/10/02 21:38:58.921, 459.92, 100, 93, 86124, 1980
2026/10/02 21:38:59.922, 508.61, 100, 93, 86124, 1980
2026/10/02 21:39:00.923, 493.21, 71, 66, 86124, 1980
2026/10/02 21:39:01.924, 508.76, 100, 93, 86124, 1980
2026/10/02 21:39:02.925, 502.37, 100, 93, 86124, 1980
2026/10/02 21:39:03.928, 461.49, 100, 93, 86124, 1980
2026/10/02 21:39:04.930, 507.13, 100, 93, 86124, 1980
2026/10/02 21:39:05.932, 504.39, 100, 93, 86124, 1980
2026/10/02 21:39:06.934, 497.17, 100, 93, 86124, 1980
2026/10/02 21:39:07.935, 507.73, 100, 93, 86124, 1980
2026/10/02 21:39:08.936, 462.98, 100, 93, 86124, 1980
2026/10/02 21:39:09.938, 506.50, 100, 93, 86124, 1980
2026/10/02 21:39:10.939, 504.58, 100, 93, 86124, 1980
2026/10/02 21:39:11.940, 505.93, 100, 93, 86124, 1980
2026/10/02 21:39:12.941, 488.58, 37, 15, 86124, 1980
2026/10/02 21:39:13.942, 475.10, 100, 93, 86124, 1980
2026/10/02 21:39:14.943, 504.80, 100, 93, 86124, 1980
2026/10/02 21:39:15.944, 506.72, 100, 93, 86124, 1980
2026/10/02 21:39:16.945, 486.37, 100, 93, 86124, 1980
2026/10/02 21:39:17.945, 431.98, 39, 16, 86124, 1980
2026/10/02 21:39:18.946, 468.08, 100, 93, 86124, 1980
2026/10/02 21:39:19.948, 508.24, 100, 93, 86124, 1980
2026/10/02 21:39:20.949, 508.73, 100, 93, 86124, 1980
2026/10/02 21:39:21.950, 504.88, 100, 93, 86124, 1980
2026/10/02 21:39:22.951, 462.84, 39, 31, 86124, 1980
2026/10/02 21:39:23.952, 508.40, 100, 93, 86124, 1980
2026/10/02 21:39:24.952, 508.28, 99, 93, 86124, 1980
2026/10/02 21:39:25.953, 505.55, 100, 93, 86124, 1980
2026/10/02 21:39:26.954, 508.77, 100, 93, 86124, 1980
2026/10/02 21:39:27.955, 298.81, 0, 0, 86124, 1980
2026/10/02 21:39:28.958, 135.08, 0, 0, 86124, 1980
2026/10/02 21:39:29.959, 133.77, 0, 0, 86124, 1980
2026/10/02 21:39:30.961, 133.49, 0, 0, 86124, 1980
2026/10/02 21:39:31.962, 133.03, 0, 0, 86124, 1980
2026/10/02 21:39:32.962, 132.70, 0, 0, 86124, 1980
2026/10/02 21:39:33.963, 132.65, 0, 0, 86124, 1980
2026/10/02 21:39:34.964, 132.39, 0, 0, 86124, 1980
2026/10/02 21:39:35.965, 132.00, 0, 0, 86124, 1980
2026/10/02 21:39:36.966, 132.12, 0, 0, 86124, 1980
2026/10/02 21:39:37.968, 131.81, 0, 0, 86124, 1980
2026/10/02 21:39:38.970, 132.04, 0, 0, 86124, 1980
2026/10/02 21:39:39.972, 425.67, 100, 93, 86126, 1965
2026/10/02 21:39:40.974, 445.37, 52, 49, 86126, 1980
2026/10/02 21:39:41.975, 507.34, 100, 41, 86126, 1515
2026/10/02 21:39:42.976, 536.13, 100, 41, 86126, 1605
2026/10/02 21:39:43.976, 538.03, 88, 50, 86126, 1935
2026/10/02 21:39:44.977, 555.85, 100, 93, 86126, 1965
2026/10/02 21:39:45.979, 284.82, 0, 0, 86126, 1980
2026/10/02 21:39:46.981, 133.44, 0, 0, 86126, 1980
2026/10/02 21:39:47.982, 132.61, 0, 0, 86126, 1980
2026/10/02 21:39:48.983, 132.13, 0, 0, 86126, 1980
2026/10/02 21:39:49.984, 132.03, 0, 0, 86126, 1980
2026/10/02 21:39:50.986, 131.58, 0, 0, 86126, 1980
2026/10/02 21:39:51.987, 131.60, 0, 0, 86126, 1980
2026/10/02 21:39:52.988, 131.23, 0, 0, 86126, 1980
2026/10/02 21:39:53.989, 130.88, 0, 0, 86126, 1980
2026/10/02 21:39:54.991, 130.31, 0, 0, 86126, 1980
2026/10/02 21:39:55.992, 130.55, 0, 0, 86126, 1980
2026/10/02 21:39:56.993, 130.62, 0, 0, 86126, 1980
2026/10/02 21:39:57.994, 509.19, 100, 35, 87174, 1440
2026/10/02 21:39:58.995, 573.52, 100, 93, 87174, 1980
2026/10/02 21:39:59.996, 436.52, 8, 3, 87174, 1980
2026/10/02 21:40:00.997, 515.88, 100, 38, 87174, 1545
2026/10/02 21:40:01.998, 656.14, 100, 79, 87174, 1965
2026/10/02 21:40:02.999, 559.68, 100, 37, 87174, 1545
2026/10/02 21:40:04.000, 606.79, 83, 77, 87174, 1965
2026/10/02 21:40:05.000, 605.09, 100, 35, 87174, 1455
2026/10/02 21:40:06.001, 581.66, 97, 91, 87174, 1980
2026/10/02 21:40:07.003, 619.55, 100, 33, 87174, 1485
2026/10/02 21:40:08.004, 498.92, 0, 0, 87174, 1980
2026/10/02 21:40:09.006, 134.26, 0, 0, 87174, 1980
2026/10/02 21:40:10.008, 132.80, 0, 0, 87174, 1980
2026/10/02 21:40:11.009, 132.68, 0, 0, 87174, 1980
2026/10/02 21:40:12.011, 132.31, 0, 0, 87174, 1980
2026/10/02 21:40:13.013, 131.77, 0, 0, 87174, 1980
2026/10/02 21:40:14.015, 131.58, 0, 0, 87174, 1980
2026/10/02 21:40:15.016, 131.33, 0, 0, 87174, 1980
2026/10/02 21:40:16.018, 130.91, 0, 0, 87174, 1980
2026/10/02 21:40:17.020, 130.92, 0, 0, 87174, 1980
2026/10/02 21:40:18.022, 130.71, 0, 0, 87174, 1980
2026/10/02 21:40:19.023, 130.68, 0, 0, 87174, 1980
2026/10/02 21:40:20.024, 130.54, 0, 0, 87174, 1980
2026/10/02 21:40:21.025, 130.09, 0, 0, 87174, 1980
2026/10/02 21:40:22.026, 245.38, 100, 38, 87174, 1545
2026/10/02 21:40:23.027, 684.73, 100, 31, 87174, 1455
2026/10/02 21:40:24.029, 672.91, 100, 30, 87174, 1485
2026/10/02 21:40:25.030, 676.41, 100, 28, 87174, 1470
2026/10/02 21:40:26.032, 671.68, 100, 27, 87174, 1530
2026/10/02 21:40:27.034, 667.86, 97, 24, 87174, 1530
2026/10/02 21:40:28.035, 502.57, 32, 30, 87174, 1980
2026/10/02 21:40:29.039, 407.82, 51, 48, 87174, 1980
2026/10/02 21:40:30.041, 412.05, 39, 37, 87174, 1980
2026/10/02 21:40:31.043, 578.63, 100, 33, 87438, 1485
2026/10/02 21:40:32.044, 676.58, 100, 30, 87438, 1500
2026/10/02 21:40:33.045, 674.73, 100, 28, 87438, 1500
2026/10/02 21:40:34.046, 673.21, 100, 28, 87438, 1485
2026/10/02 21:40:35.047, 671.67, 100, 28, 87438, 1470
2026/10/02 21:40:36.050, 601.93, 100, 94, 87438, 1980
2026/10/02 21:40:37.051, 497.55, 100, 35, 87438, 1410
2026/10/02 21:40:38.052, 664.79, 100, 31, 87438, 1485
2026/10/02 21:40:39.053, 676.66, 100, 31, 87438, 1470
2026/10/02 21:40:40.054, 671.45, 100, 27, 87438, 1500
2026/10/02 21:40:41.056, 671.43, 100, 26, 87438, 1470
2026/10/02 21:40:42.056, 652.34, 100, 29, 87438, 1950
2026/10/02 21:40:43.057, 479.03, 58, 24, 87438, 1545
2026/10/02 21:40:44.058, 677.76, 100, 31, 87438, 1470
2026/10/02 21:40:45.059, 673.78, 100, 30, 87438, 1485
2026/10/02 21:40:46.061, 672.20, 100, 28, 87438, 1500
2026/10/02 21:40:47.063, 673.70, 100, 27, 87438, 1470
2026/10/02 21:40:48.064, 671.08, 100, 24, 87438, 1515
2026/10/02 21:40:49.065, 477.80, 76, 72, 87438, 1980
2026/10/02 21:40:50.065, 651.02, 100, 34, 87438, 1470
2026/10/02 21:40:51.066, 677.69, 100, 29, 87438, 1470
2026/10/02 21:40:52.067, 675.41, 100, 29, 87438, 1470
2026/10/02 21:40:53.069, 675.54, 100, 30, 87438, 1470
2026/10/02 21:40:54.071, 669.87, 100, 26, 87438, 1470
2026/10/02 21:40:55.072, 601.86, 100, 94, 87438, 1980
2026/10/02 21:40:56.073, 182.62, 0, 0, 87438, 1980
2026/10/02 21:40:57.075, 135.34, 0, 0, 87438, 1980
2026/10/02 21:40:58.076, 134.70, 0, 0, 87438, 1980
2026/10/02 21:40:59.077, 134.02, 0, 0, 87438, 1980
2026/10/02 21:41:00.078, 133.62, 0, 0, 87438, 1980
2026/10/02 21:41:01.079, 133.08, 0, 0, 87438, 1980
2026/10/02 21:41:02.079, 133.04, 0, 0, 87438, 1980
2026/10/02 21:41:03.080, 132.89, 0, 0, 87438, 1980
2026/10/02 21:41:04.081, 132.73, 0, 0, 87436, 1980
2026/10/02 21:41:05.083, 132.29, 0, 0, 87436, 1980
2026/10/02 21:41:06.085, 132.36, 0, 0, 87436, 1980
2026/10/02 21:41:07.087, 230.30, 70, 61, 87436, 1980
2026/10/02 21:41:08.089, 501.04, 100, 93, 87436, 1980
2026/10/02 21:41:09.091, 496.09, 100, 93, 87436, 1980
2026/10/02 21:41:10.092, 496.86, 100, 93, 87436, 1980
2026/10/02 21:41:11.092, 501.38, 98, 92, 87436, 1980
2026/10/02 21:41:12.094, 501.70, 100, 93, 87436, 1980
2026/10/02 21:41:13.094, 499.92, 94, 88, 87436, 1980
2026/10/02 21:41:14.095, 503.49, 100, 93, 87436, 1980
2026/10/02 21:41:15.096, 502.30, 95, 89, 87436, 1980
2026/10/02 21:41:16.097, 448.98, 47, 44, 87436, 1980
2026/10/02 21:41:17.100, 502.33, 100, 93, 87436, 1980
2026/10/02 21:41:18.102, 498.00, 100, 93, 87436, 1980
2026/10/02 21:41:19.103, 499.24, 100, 93, 87436, 1980
2026/10/02 21:41:20.104, 503.01, 100, 93, 87436, 1980
2026/10/02 21:41:21.106, 505.47, 100, 93, 87436, 1980
2026/10/02 21:41:22.108, 504.48, 97, 91, 87436, 1980
2026/10/02 21:41:23.109, 506.39, 100, 93, 87436, 1980
2026/10/02 21:41:24.111, 511.14, 100, 93, 87436, 1980
2026/10/02 21:41:25.111, 493.16, 100, 93, 87436, 1980
2026/10/02 21:41:26.113, 457.07, 100, 93, 87436, 1980
2026/10/02 21:41:27.115, 507.70, 100, 93, 87436, 1980
2026/10/02 21:41:28.118, 500.32, 100, 93, 87436, 1980
2026/10/02 21:41:29.119, 511.30, 100, 93, 87436, 1980
2026/10/02 21:41:30.120, 503.56, 100, 93, 87436, 1980
2026/10/02 21:41:31.121, 512.39, 100, 93, 87436, 1980
2026/10/02 21:41:32.121, 499.71, 91, 85, 87436, 1980
2026/10/02 21:41:33.124, 507.72, 100, 93, 87436, 1980
2026/10/02 21:41:34.126, 512.17, 100, 93, 87436, 1980
2026/10/02 21:41:35.127, 470.60, 100, 93, 87436, 1980
2026/10/02 21:41:36.128, 503.42, 96, 89, 87436, 1980
2026/10/02 21:41:37.131, 505.24, 99, 93, 87436, 1980
2026/10/02 21:41:38.132, 510.36, 100, 93, 87436, 1980
2026/10/02 21:41:39.133, 512.35, 100, 93, 87436, 1980
2026/10/02 21:41:40.134, 508.20, 100, 93, 87436, 1980
2026/10/02 21:41:41.135, 510.92, 100, 93, 87436, 1980
2026/10/02 21:41:42.137, 501.23, 100, 93, 87436, 1980
2026/10/02 21:41:43.139, 503.04, 96, 89, 87436, 1980
2026/10/02 21:41:44.139, 469.64, 100, 93, 87436, 1980
2026/10/02 21:41:45.140, 514.31, 100, 93, 87436, 1980
2026/10/02 21:41:46.141, 507.93, 100, 93, 87436, 1980
2026/10/02 21:41:47.142, 503.52, 99, 93, 87436, 1980
2026/10/02 21:41:48.144, 510.15, 100, 93, 87436, 1980
2026/10/02 21:41:49.146, 511.36, 100, 93, 87436, 1980
2026/10/02 21:41:50.146, 512.45, 100, 93, 87436, 1980
2026/10/02 21:41:51.147, 508.28, 99, 92, 87436, 1980
2026/10/02 21:41:52.149, 513.01, 100, 93, 87436, 1980
2026/10/02 21:41:53.151, 471.36, 100, 93, 87436, 1980
2026/10/02 21:41:54.153, 511.71, 100, 93, 87436, 1980
2026/10/02 21:41:55.155, 511.74, 100, 93, 87436, 1980
2026/10/02 21:41:56.156, 511.06, 100, 93, 87436, 1980
2026/10/02 21:41:57.158, 497.93, 100, 93, 87436, 1980
2026/10/02 21:41:58.159, 509.36, 100, 93, 87436, 1980
2026/10/02 21:41:59.160, 514.38, 100, 93, 87436, 1980
2026/10/02 21:42:00.162, 513.83, 100, 93, 87436, 1980
2026/10/02 21:42:01.164, 514.69, 100, 93, 87436, 1980
2026/10/02 21:42:02.166, 462.50, 46, 40, 87436, 1980
2026/10/02 21:42:03.167, 509.19, 100, 93, 87436, 1980
2026/10/02 21:42:04.167, 503.75, 93, 87, 87436, 1980
2026/10/02 21:42:05.168, 512.70, 100, 93, 87436, 1980
2026/10/02 21:42:06.169, 512.81, 100, 93, 87436, 1980
2026/10/02 21:42:07.170, 514.64, 98, 91, 87436, 1980
2026/10/02 21:42:08.171, 513.43, 100, 93, 87436, 1980
2026/10/02 21:42:09.172, 512.57, 100, 93, 87436, 1980
2026/10/02 21:42:10.173, 511.63, 100, 93, 87436, 1980
2026/10/02 21:42:11.174, 470.30, 45, 42, 87436, 1980
2026/10/02 21:42:12.174, 510.52, 100, 93, 87436, 1980
2026/10/02 21:42:13.176, 513.14, 100, 93, 87436, 1980
2026/10/02 21:42:14.177, 509.18, 99, 92, 87436, 1980
2026/10/02 21:42:15.178, 511.88, 99, 93, 87436, 1980
2026/10/02 21:42:16.180, 503.60, 100, 93, 87436, 1980
2026/10/02 21:42:17.181, 511.38, 100, 93, 87436, 1980
2026/10/02 21:42:18.184, 509.64, 100, 93, 87436, 1980
2026/10/02 21:42:19.186, 509.71, 100, 93, 87436, 1980
2026/10/02 21:42:20.188, 504.57, 100, 93, 87436, 1980
2026/10/02 21:42:21.190, 478.00, 100, 93, 87436, 1980
2026/10/02 21:42:22.192, 513.91, 100, 93, 87436, 1980
2026/10/02 21:42:23.194, 513.62, 100, 93, 87436, 1980
2026/10/02 21:42:24.195, 512.96, 100, 93, 87436, 1980
2026/10/02 21:42:25.197, 513.67, 100, 93, 87436, 1980
2026/10/02 21:42:26.199, 515.21, 100, 93, 87436, 1980
2026/10/02 21:42:27.200, 509.84, 100, 93, 87436, 1980
2026/10/02 21:42:28.202, 513.61, 100, 93, 87436, 1980
2026/10/02 21:42:29.203, 514.34, 100, 93, 87436, 1980
2026/10/02 21:42:30.203, 468.85, 100, 93, 87436, 1980
2026/10/02 21:42:31.204, 513.70, 100, 93, 87436, 1980
2026/10/02 21:42:32.205, 513.66, 100, 93, 87436, 1980
2026/10/02 21:42:33.206, 512.98, 94, 88, 87436, 1980
2026/10/02 21:42:34.207, 511.77, 100, 93, 87436, 1980
2026/10/02 21:42:35.208, 507.83, 100, 93, 87436, 1980
2026/10/02 21:42:36.210, 512.65, 100, 93, 87436, 1980
2026/10/02 21:42:37.210, 514.41, 100, 93, 87436, 1980
2026/10/02 21:42:38.212, 507.32, 100, 93, 87436, 1980
2026/10/02 21:42:39.213, 461.09, 100, 93, 87436, 1980
2026/10/02 21:42:40.214, 513.30, 100, 93, 87436, 1980
2026/10/02 21:42:41.216, 511.07, 100, 93, 87436, 1980
2026/10/02 21:42:42.217, 514.20, 100, 93, 87436, 1980
2026/10/02 21:42:43.218, 512.46, 100, 93, 87436, 1980
2026/10/02 21:42:44.219, 510.03, 100, 93, 87436, 1980
2026/10/02 21:42:45.221, 513.14, 100, 93, 87436, 1980
2026/10/02 21:42:46.222, 508.86, 100, 93, 87436, 1980
2026/10/02 21:42:47.223, 513.91, 100, 93, 87436, 1980
2026/10/02 21:42:48.225, 470.88, 100, 93, 87436, 1980
2026/10/02 21:42:49.225, 514.40, 100, 93, 87436, 1980
2026/10/02 21:42:50.226, 509.23, 100, 93, 87436, 1980
2026/10/02 21:42:51.228, 510.37, 100, 93, 87436, 1980
2026/10/02 21:42:52.229, 512.05, 100, 93, 87436, 1980
2026/10/02 21:42:53.230, 515.26, 98, 91, 87436, 1980
2026/10/02 21:42:54.232, 514.27, 100, 93, 87436, 1980
2026/10/02 21:42:55.233, 512.86, 100, 93, 87436, 1980
2026/10/02 21:42:56.235, 515.13, 100, 93, 87436, 1980
2026/10/02 21:42:57.237, 444.48, 100, 93, 87436, 1980
2026/10/02 21:42:58.238, 511.02, 100, 93, 87436, 1980
2026/10/02 21:42:59.239, 510.60, 97, 91, 87436, 1980
2026/10/02 21:43:00.240, 512.67, 100, 93, 87436, 1980
2026/10/02 21:43:01.241, 515.54, 100, 93, 87436, 1980
2026/10/02 21:43:02.242, 508.76, 88, 82, 87436, 1980
2026/10/02 21:43:03.244, 512.95, 100, 93, 87436, 1980
2026/10/02 21:43:04.245, 502.39, 97, 91, 87436, 1980
2026/10/02 21:43:05.245, 514.31, 100, 93, 87436, 1980
2026/10/02 21:43:06.245, 478.14, 40, 19, 87436, 1980
2026/10/02 21:43:07.246, 505.44, 100, 93, 87436, 1980
2026/10/02 21:43:08.246, 504.13, 97, 91, 87436, 1980
2026/10/02 21:43:09.247, 513.53, 100, 93, 87436, 1980
2026/10/02 21:43:10.248, 508.62, 100, 93, 87436, 1980
2026/10/02 21:43:11.249, 506.37, 99, 93, 87436, 1980
2026/10/02 21:43:12.250, 513.88, 100, 93, 87436, 1980
2026/10/02 21:43:13.251, 514.55, 100, 93, 87436, 1980
2026/10/02 21:43:14.252, 515.26, 100, 93, 87436, 1980
2026/10/02 21:43:15.254, 514.92, 100, 93, 87436, 1980
2026/10/02 21:43:16.255, 446.00, 100, 93, 87436, 1980
2026/10/02 21:43:17.256, 502.79, 100, 93, 87436, 1980
2026/10/02 21:43:18.259, 514.33, 100, 93, 87436, 1980
2026/10/02 21:43:19.261, 507.83, 100, 93, 87436, 1980
2026/10/02 21:43:20.262, 515.97, 100, 93, 87436, 1980
2026/10/02 21:43:21.263, 514.99, 100, 93, 87436, 1980
2026/10/02 21:43:22.264, 510.81, 100, 93, 87436, 1980
2026/10/02 21:43:23.265, 512.99, 100, 93, 87436, 1980
2026/10/02 21:43:24.267, 511.40, 100, 93, 87436, 1980
2026/10/02 21:43:25.269, 467.54, 100, 93, 87436, 1980
2026/10/02 21:43:26.271, 514.07, 100, 93, 87436, 1980
2026/10/02 21:43:27.273, 515.32, 100, 93, 87436, 1980
2026/10/02 21:43:28.275, 514.97, 100, 93, 87436, 1980
2026/10/02 21:43:29.277, 511.92, 100, 93, 87436, 1980
2026/10/02 21:43:30.277, 509.57, 99, 93, 87436, 1980
2026/10/02 21:43:31.278, 511.75, 100, 93, 87436, 1980
2026/10/02 21:43:32.279, 513.65, 100, 93, 87436, 1980
2026/10/02 21:43:33.280, 508.29, 100, 93, 87436, 1980
2026/10/02 21:43:34.281, 463.02, 27, 16, 87436, 1980
2026/10/02 21:43:35.283, 514.37, 100, 93, 87436, 1980
2026/10/02 21:43:36.284, 502.94, 100, 93, 87436, 1980
2026/10/02 21:43:37.285, 505.71, 100, 93, 87436, 1980
2026/10/02 21:43:38.286, 513.69, 100, 93, 87436, 1980
2026/10/02 21:43:39.287, 515.02, 100, 93, 87436, 1980
2026/10/02 21:43:40.288, 511.18, 100, 93, 87436, 1980
2026/10/02 21:43:41.290, 513.83, 100, 93, 87436, 1980
2026/10/02 21:43:42.290, 514.41, 100, 93, 87436, 1980
2026/10/02 21:43:43.291, 493.05, 100, 93, 87436, 1980
2026/10/02 21:43:44.292, 448.94, 100, 93, 87436, 1980
2026/10/02 21:43:45.294, 513.73, 100, 93, 87436, 1980
2026/10/02 21:43:46.294, 510.09, 98, 91, 87436, 1980
2026/10/02 21:43:47.295, 511.19, 91, 85, 87436, 1980
2026/10/02 21:43:48.296, 510.93, 100, 93, 87436, 1980
2026/10/02 21:43:49.297, 514.42, 100, 93, 87436, 1980
2026/10/02 21:43:50.298, 508.14, 97, 91, 87436, 1980
2026/10/02 21:43:51.299, 506.70, 100, 93, 87436, 1980
2026/10/02 21:43:52.300, 511.96, 100, 93, 87436, 1980
2026/10/02 21:43:53.301, 267.20, 0, 0, 87436, 1980
2026/10/02 21:43:54.303, 134.98, 0, 0, 87436, 1980
2026/10/02 21:43:55.305, 134.25, 0, 0, 87436, 1980
2026/10/02 21:43:56.307, 133.73, 0, 0, 87436, 1980
2026/10/02 21:43:57.309, 133.43, 0, 0, 87436, 1980
2026/10/02 21:43:58.311, 133.09, 0, 0, 87436, 1980
2026/10/02 21:43:59.313, 132.52, 0, 0, 87436, 1980
2026/10/02 21:44:00.314, 132.67, 0, 0, 87436, 1980
2026/10/02 21:44:01.316, 132.38, 0, 0, 87436, 1980
2026/10/02 21:44:02.318, 132.30, 0, 0, 87436, 1980
2026/10/02 21:44:03.319, 132.04, 0, 0, 87436, 1980
2026/10/02 21:44:04.321, 132.02, 0, 0, 87436, 1980
2026/10/02 21:44:05.322, 284.89, 100, 92, 87436, 1980
2026/10/02 21:44:06.323, 498.64, 100, 92, 87436, 1980
2026/10/02 21:44:07.324, 498.34, 100, 92, 87436, 1980
2026/10/02 21:44:08.325, 488.78, 98, 90, 87436, 1980
2026/10/02 21:44:09.327, 501.96, 100, 92, 87436, 1980
2026/10/02 21:44:10.329, 499.11, 100, 92, 87436, 1980
2026/10/02 21:44:11.330, 501.72, 100, 92, 87436, 1980
2026/10/02 21:44:12.331, 487.70, 100, 92, 87436, 1980
2026/10/02 21:44:13.332, 498.96, 97, 89, 87436, 1980
2026/10/02 21:44:14.333, 480.11, 31, 29, 87436, 1980
2026/10/02 21:44:15.334, 473.52, 100, 91, 87436, 1980
2026/10/02 21:44:16.335, 518.48, 100, 91, 87436, 1980
2026/10/02 21:44:17.336, 520.12, 100, 91, 87436, 1980
2026/10/02 21:44:18.337, 519.54, 100, 91, 87436, 1980
2026/10/02 21:44:19.338, 518.51, 100, 91, 87436, 1980
2026/10/02 21:44:20.340, 520.66, 100, 91, 87436, 1980
2026/10/02 21:44:21.340, 520.01, 97, 88, 87436, 1980
2026/10/02 21:44:22.341, 517.37, 100, 91, 87436, 1980
2026/10/02 21:44:23.342, 520.61, 100, 91, 87436, 1980
2026/10/02 21:44:24.344, 518.87, 100, 91, 87436, 1980
2026/10/02 21:44:25.345, 494.41, 100, 91, 87436, 1980
2026/10/02 21:44:26.346, 521.52, 100, 91, 87436, 1980
2026/10/02 21:44:27.346, 521.37, 100, 91, 87436, 1980
2026/10/02 21:44:28.347, 522.14, 100, 91, 87436, 1980
2026/10/02 21:44:29.349, 518.53, 100, 91, 87436, 1980
2026/10/02 21:44:30.350, 514.60, 100, 91, 87436, 1980
2026/10/02 21:44:31.350, 505.56, 100, 91, 87436, 1980
2026/10/02 21:44:32.351, 517.09, 98, 89, 87436, 1980
2026/10/02 21:44:33.352, 519.60, 100, 91, 87436, 1980
2026/10/02 21:44:34.353, 521.29, 100, 91, 87436, 1980
2026/10/02 21:44:35.354, 582.96, 100, 34, 87436, 1455
2026/10/02 21:44:36.355, 536.14, 100, 91, 87436, 1980
2026/10/02 21:44:37.356, 518.82, 91, 83, 87436, 1980
2026/10/02 21:44:38.357, 517.05, 100, 91, 87436, 1980
2026/10/02 21:44:39.358, 522.65, 100, 91, 87436, 1980
2026/10/02 21:44:40.359, 523.65, 100, 91, 87436, 1980
2026/10/02 21:44:41.360, 517.84, 100, 91, 87436, 1980
2026/10/02 21:44:42.361, 520.63, 100, 91, 87436, 1980
2026/10/02 21:44:43.361, 516.09, 100, 91, 87436, 1980
2026/10/02 21:44:44.362, 523.99, 100, 91, 87436, 1980
2026/10/02 21:44:45.362, 497.44, 27, 19, 87436, 1980
2026/10/02 21:44:46.363, 614.06, 100, 91, 87436, 1965
2026/10/02 21:44:47.364, 522.41, 100, 91, 87436, 1980
2026/10/02 21:44:48.365, 517.89, 100, 91, 87436, 1980
2026/10/02 21:44:49.367, 515.82, 100, 91, 87436, 1980
2026/10/02 21:44:50.367, 523.31, 100, 91, 87436, 1980
2026/10/02 21:44:51.368, 519.84, 100, 91, 87436, 1980
2026/10/02 21:44:52.369, 522.29, 100, 91, 87436, 1980
2026/10/02 21:44:53.370, 515.19, 74, 67, 87436, 1980
2026/10/02 21:44:54.371, 522.95, 100, 91, 87436, 1980
2026/10/02 21:44:55.373, 521.92, 100, 91, 87436, 1980
2026/10/02 21:44:56.375, 345.26, 0, 0, 87436, 1980
2026/10/02 21:44:57.375, 134.82, 0, 0, 87436, 1980
2026/10/02 21:44:58.376, 134.14, 0, 0, 87436, 1980
2026/10/02 21:44:59.378, 133.49, 0, 0, 87436, 1980
2026/10/02 21:45:00.379, 133.08, 0, 0, 87436, 1980
2026/10/02 21:45:01.381, 132.81, 0, 0, 87436, 1980
2026/10/02 21:45:02.382, 132.57, 0, 0, 87436, 1980
2026/10/02 21:45:03.383, 132.38, 0, 0, 87436, 1980
2026/10/02 21:45:04.385, 132.21, 0, 0, 87436, 1980
2026/10/02 21:45:05.386, 132.03, 0, 0, 87436, 1980
2026/10/02 21:45:06.389, 131.75, 0, 0, 87436, 1980
2026/10/02 21:45:07.391, 131.72, 0, 0, 87436, 1980
2026/10/02 21:45:08.393, 232.68, 100, 92, 87436, 1980
2026/10/02 21:45:09.394, 491.48, 100, 91, 87436, 1980
2026/10/02 21:45:10.396, 491.76, 100, 92, 87436, 1980
2026/10/02 21:45:11.399, 497.88, 100, 92, 87436, 1980
2026/10/02 21:45:12.400, 496.50, 100, 92, 87436, 1980
2026/10/02 21:45:13.401, 493.14, 100, 92, 87436, 1980
2026/10/02 21:45:14.402, 489.82, 100, 92, 87436, 1980
2026/10/02 21:45:15.403, 491.44, 95, 87, 87436, 1980
2026/10/02 21:45:16.405, 500.47, 100, 92, 87436, 1980
2026/10/02 21:45:17.406, 500.84, 100, 92, 87436, 1980
2026/10/02 21:45:18.406, 475.71, 100, 37, 88308, 1440
2026/10/02 21:45:19.408, 578.10, 100, 92, 88308, 1980
2026/10/02 21:45:20.409, 595.55, 100, 92, 88308, 1980
2026/10/02 21:45:21.410, 597.75, 100, 92, 88308, 1980
2026/10/02 21:45:22.412, 598.64, 100, 92, 88308, 1980
2026/10/02 21:45:23.414, 599.14, 100, 93, 88308, 1980
2026/10/02 21:45:24.415, 600.42, 100, 92, 88308, 1980
2026/10/02 21:45:25.417, 588.44, 91, 85, 88308, 1980
2026/10/02 21:45:26.418, 598.79, 100, 92, 88308, 1980
2026/10/02 21:45:27.420, 588.80, 100, 92, 88308, 1980
2026/10/02 21:45:28.421, 598.51, 100, 93, 88308, 1980
2026/10/02 21:45:29.424, 604.86, 100, 93, 88308, 1980
2026/10/02 21:45:30.426, 633.40, 100, 35, 88308, 1425
2026/10/02 21:45:31.428, 660.77, 100, 34, 88308, 1455
2026/10/02 21:45:32.431, 672.85, 100, 34, 88308, 1470
2026/10/02 21:45:33.432, 594.06, 100, 92, 88308, 1980
2026/10/02 21:45:34.433, 585.40, 100, 92, 88308, 1980
2026/10/02 21:45:35.435, 589.06, 100, 92, 88308, 1980
2026/10/02 21:45:36.435, 583.87, 94, 86, 88308, 1980
2026/10/02 21:45:37.437, 586.40, 100, 92, 88308, 1980
2026/10/02 21:45:38.438, 584.79, 100, 93, 88308, 1980
2026/10/02 21:45:39.440, 581.06, 93, 86, 88308, 1980
2026/10/02 21:45:40.440, 589.65, 100, 92, 88308, 1980
2026/10/02 21:45:41.440, 593.04, 100, 93, 88308, 1980
2026/10/02 21:45:42.442, 590.29, 100, 93, 88308, 1980
2026/10/02 21:45:43.442, 591.13, 100, 93, 88308, 1980
2026/10/02 21:45:44.443, 576.99, 44, 20, 88308, 1500
2026/10/02 21:45:45.444, 677.55, 100, 33, 88308, 1470
2026/10/02 21:45:46.445, 674.68, 100, 35, 88308, 1455
2026/10/02 21:45:47.447, 620.85, 100, 92, 88308, 1980
2026/10/02 21:45:48.449, 586.33, 100, 92, 88308, 1980
2026/10/02 21:45:49.450, 586.56, 98, 91, 88308, 1980
2026/10/02 21:45:50.451, 587.02, 100, 92, 88308, 1980
2026/10/02 21:45:51.451, 576.21, 100, 92, 88308, 1980
2026/10/02 21:45:52.453, 590.78, 100, 92, 88308, 1980
2026/10/02 21:45:53.453, 590.45, 100, 93, 88308, 1980
2026/10/02 21:45:54.454, 593.32, 100, 93, 88308, 1980
2026/10/02 21:45:55.454, 596.96, 100, 93, 88308, 1980
2026/10/02 21:45:56.455, 597.55, 100, 92, 88308, 1980
2026/10/02 21:45:57.457, 598.24, 100, 93, 88308, 1980
2026/10/02 21:45:58.458, 547.39, 38, 26, 88308, 1980
2026/10/02 21:45:59.460, 701.90, 100, 33, 88308, 1485
2026/10/02 21:46:00.462, 677.74, 100, 34, 88308, 1485
2026/10/02 21:46:01.463, 631.40, 100, 92, 88308, 1965
2026/10/02 21:46:02.464, 566.15, 100, 92, 88308, 1980
2026/10/02 21:46:03.466, 583.24, 100, 92, 88308, 1980
2026/10/02 21:46:04.467, 587.78, 100, 92, 88308, 1980
2026/10/02 21:46:05.468, 589.35, 100, 92, 88308, 1980
2026/10/02 21:46:06.469, 586.68, 100, 92, 88308, 1980
2026/10/02 21:46:07.470, 587.01, 100, 92, 88308, 1980
2026/10/02 21:46:08.472, 585.03, 100, 93, 88308, 1980
2026/10/02 21:46:09.472, 593.28, 100, 93, 88308, 1980
2026/10/02 21:46:10.475, 589.85, 100, 93, 88308, 1980
2026/10/02 21:46:11.475, 588.69, 100, 93, 88308, 1980
2026/10/02 21:46:12.476, 594.07, 100, 93, 88308, 1980
2026/10/02 21:46:13.479, 170.23, 0, 0, 88308, 1980
2026/10/02 21:46:14.481, 136.11, 0, 0, 88308, 1980
2026/10/02 21:46:15.483, 135.43, 0, 0, 88308, 1980
2026/10/02 21:46:16.485, 134.76, 0, 0, 88308, 1980
2026/10/02 21:46:17.486, 134.35, 0, 0, 88308, 1980
2026/10/02 21:46:18.488, 133.64, 0, 0, 88308, 1980
2026/10/02 21:46:19.490, 133.14, 0, 0, 88308, 1980
2026/10/02 21:46:20.492, 133.07, 0, 0, 88308, 1980
2026/10/02 21:46:21.493, 132.69, 0, 0, 88308, 1980
2026/10/02 21:46:22.494, 132.48, 0, 0, 88308, 1980
2026/10/02 21:46:23.495, 132.53, 0, 0, 88308, 1980
2026/10/02 21:46:24.495, 132.19, 0, 0, 88308, 1980
2026/10/02 21:46:25.498, 156.38, 0, 0, 88308, 1980
2026/10/02 21:46:26.500, 492.08, 98, 90, 88308, 1980
2026/10/02 21:46:27.501, 502.08, 100, 92, 88308, 1980
2026/10/02 21:46:28.503, 501.74, 100, 92, 88308, 1980
2026/10/02 21:46:29.504, 503.62, 100, 92, 88308, 1980
2026/10/02 21:46:30.506, 503.64, 100, 92, 88308, 1980
2026/10/02 21:46:31.507, 474.63, 100, 92, 88308, 1980
2026/10/02 21:46:32.509, 504.64, 100, 92, 88308, 1980
2026/10/02 21:46:33.510, 505.43, 100, 92, 88308, 1980
2026/10/02 21:46:34.511, 505.49, 100, 92, 88308, 1980
2026/10/02 21:46:35.512, 412.10, 18, 12, 88308, 1545
2026/10/02 21:46:36.514, 681.30, 100, 39, 88308, 1455
2026/10/02 21:46:37.515, 663.78, 80, 30, 88308, 1470
2026/10/02 21:46:38.516, 672.98, 100, 35, 88312, 1470
2026/10/02 21:46:39.518, 648.84, 100, 93, 88310, 1980
2026/10/02 21:46:40.520, 657.23, 100, 93, 88310, 1980
2026/10/02 21:46:41.523, 656.99, 100, 93, 88310, 1980
2026/10/02 21:46:42.525, 660.90, 100, 93, 88310, 1980
2026/10/02 21:46:43.527, 660.12, 100, 93, 88310, 1980
2026/10/02 21:46:44.528, 661.21, 100, 93, 88310, 1980
2026/10/02 21:46:45.529, 662.15, 100, 93, 88310, 1980
2026/10/02 21:46:46.530, 661.32, 100, 93, 88310, 1980
2026/10/02 21:46:47.531, 663.02, 100, 93, 88310, 1980
2026/10/02 21:46:48.533, 662.89, 100, 93, 88310, 1980
2026/10/02 21:46:49.534, 668.52, 100, 93, 88310, 1980
2026/10/02 21:46:50.535, 668.68, 100, 93, 88310, 1980
2026/10/02 21:46:51.537, 669.68, 100, 93, 88310, 1980
2026/10/02 21:46:52.537, 656.44, 100, 93, 88310, 1980
2026/10/02 21:46:53.539, 641.48, 100, 33, 88310, 1470
2026/10/02 21:46:54.541, 677.32, 100, 35, 88310, 1470
2026/10/02 21:46:55.542, 674.28, 100, 36, 88310, 1455
2026/10/02 21:46:56.543, 676.42, 100, 35, 88310, 1455
2026/10/02 21:46:57.545, 675.92, 100, 38, 88310, 1425
2026/10/02 21:46:58.546, 657.35, 100, 93, 88310, 1965
2026/10/02 21:46:59.548, 666.45, 100, 93, 88310, 1980
2026/10/02 21:47:00.550, 665.11, 100, 93, 88310, 1980
2026/10/02 21:47:01.551, 666.99, 100, 93, 88310, 1980
2026/10/02 21:47:02.553, 668.64, 100, 93, 88310, 1980
2026/10/02 21:47:03.555, 668.22, 100, 93, 88310, 1980
2026/10/02 21:47:04.557, 669.83, 100, 93, 88310, 1980
2026/10/02 21:47:05.559, 671.44, 100, 93, 88310, 1980
2026/10/02 21:47:06.561, 669.97, 100, 93, 88310, 1980
2026/10/02 21:47:07.563, 672.42, 100, 93, 88310, 1980
2026/10/02 21:47:08.564, 674.13, 100, 94, 88310, 1980
2026/10/02 21:47:09.566, 674.03, 100, 93, 88310, 1980
2026/10/02 21:47:10.568, 674.40, 100, 94, 88310, 1980
2026/10/02 21:47:11.571, 673.32, 100, 93, 88310, 1980
2026/10/02 21:47:12.573, 682.66, 100, 35, 88310, 1455
2026/10/02 21:47:13.575, 675.66, 100, 35, 88310, 1455
2026/10/02 21:47:14.576, 677.64, 100, 35, 88310, 1455
2026/10/02 21:47:15.577, 677.16, 100, 35, 88310, 1455
2026/10/02 21:47:16.578, 674.48, 100, 34, 88310, 1485
2026/10/02 21:47:17.579, 653.80, 100, 93, 88310, 1980
2026/10/02 21:47:18.580, 672.31, 100, 93, 88310, 1980
2026/10/02 21:47:19.581, 666.39, 100, 93, 88310, 1980
2026/10/02 21:47:20.582, 669.73, 100, 93, 88310, 1980
2026/10/02 21:47:21.584, 671.16, 100, 93, 88310, 1980
2026/10/02 21:47:22.585, 662.91, 99, 92, 88310, 1980
2026/10/02 21:47:23.588, 672.51, 100, 93, 88310, 1980
2026/10/02 21:47:24.589, 673.06, 100, 93, 88310, 1980
2026/10/02 21:47:25.590, 671.23, 100, 93, 88310, 1980
2026/10/02 21:47:26.590, 675.20, 100, 93, 88310, 1980
2026/10/02 21:47:27.591, 675.73, 100, 93, 88310, 1980
2026/10/02 21:47:28.592, 674.62, 100, 93, 88310, 1980
2026/10/02 21:47:29.593, 675.39, 100, 94, 88310, 1980
2026/10/02 21:47:30.594, 634.86, 29, 13, 88310, 1980
2026/10/02 21:47:31.596, 676.44, 100, 34, 88310, 1485
2026/10/02 21:47:32.598, 679.28, 100, 35, 88310, 1455
2026/10/02 21:47:33.600, 673.42, 100, 35, 88310, 1470
2026/10/02 21:47:34.601, 676.12, 100, 36, 88310, 1470
2026/10/02 21:47:35.602, 674.48, 100, 37, 88310, 1440
2026/10/02 21:47:36.603, 656.31, 100, 93, 88310, 1980
2026/10/02 21:47:37.604, 671.50, 100, 93, 88310, 1980
2026/10/02 21:47:38.607, 670.82, 100, 93, 88310, 1980
2026/10/02 21:47:39.607, 670.75, 100, 93, 88310, 1980
2026/10/02 21:47:40.608, 671.17, 100, 93, 88310, 1980
2026/10/02 21:47:41.610, 672.29, 100, 93, 88310, 1980
2026/10/02 21:47:42.611, 672.52, 100, 93, 88310, 1980
2026/10/02 21:47:43.612, 672.94, 100, 93, 88310, 1980
2026/10/02 21:47:44.614, 672.95, 100, 93, 88310, 1980
2026/10/02 21:47:45.615, 674.39, 100, 94, 88310, 1980
2026/10/02 21:47:46.617, 673.82, 100, 93, 88310, 1980
2026/10/02 21:47:47.619, 675.95, 100, 93, 88310, 1980
2026/10/02 21:47:48.621, 666.48, 100, 93, 88310, 1980
2026/10/02 21:47:49.621, 663.04, 100, 92, 88310, 1980
2026/10/02 21:47:50.622, 173.19, 0, 0, 88310, 1980
2026/10/02 21:47:51.623, 138.38, 0, 0, 88310, 1980
2026/10/02 21:47:52.625, 136.48, 0, 0, 88310, 1980
2026/10/02 21:47:53.626, 135.84, 0, 0, 88310, 1980
2026/10/02 21:47:54.626, 135.28, 0, 0, 88310, 1980
2026/10/02 21:47:55.629, 134.43, 0, 0, 88310, 1980
2026/10/02 21:47:56.630, 134.21, 0, 0, 88310, 1980
2026/10/02 21:47:57.630, 134.03, 0, 0, 88310, 1980
2026/10/02 21:47:58.631, 134.17, 0, 0, 88310, 1980
2026/10/02 21:47:59.633, 133.61, 0, 0, 88310, 1980
2026/10/02 21:48:00.635, 132.87, 0, 0, 88310, 1980
2026/10/02 21:48:01.635, 132.72, 0, 0, 88310, 1980
2026/10/02 21:48:02.637, 132.56, 0, 0, 88310, 1980
2026/10/02 21:48:03.639, 132.22, 0, 0, 88310, 1980
2026/10/02 21:48:04.639, 168.60, 45, 19, 88310, 1965
2026/10/02 21:48:05.640, 510.63, 100, 92, 88310, 1980
2026/10/02 21:48:06.643, 502.18, 100, 92, 88310, 1980
2026/10/02 21:48:07.643, 502.17, 100, 92, 88310, 1980
2026/10/02 21:48:08.645, 506.41, 100, 92, 88310, 1980
2026/10/02 21:48:09.648, 507.49, 100, 92, 88310, 1980
2026/10/02 21:48:10.648, 496.24, 88, 81, 88310, 1980
2026/10/02 21:48:11.649, 506.76, 99, 90, 88310, 1980
2026/10/02 21:48:12.650, 492.98, 84, 77, 88310, 1980
2026/10/02 21:48:13.650, 505.36, 96, 88, 88310, 1980
2026/10/02 21:48:14.653, 485.39, 100, 36, 88310, 1500
2026/10/02 21:48:15.654, 672.39, 100, 35, 88310, 1440
2026/10/02 21:48:16.656, 675.40, 100, 34, 88310, 1485
2026/10/02 21:48:17.658, 674.72, 100, 35, 88310, 1455
2026/10/02 21:48:18.660, 675.31, 100, 35, 88310, 1485
2026/10/02 21:48:19.663, 677.46, 100, 35, 88310, 1470
2026/10/02 21:48:20.664, 665.99, 85, 30, 88310, 1560
2026/10/02 21:48:21.665, 675.82, 100, 34, 88310, 1470
2026/10/02 21:48:22.666, 672.56, 81, 32, 88310, 1470
2026/10/02 21:48:23.667, 675.22, 100, 39, 88310, 1455
2026/10/02 21:48:24.669, 668.53, 97, 38, 88310, 1470
2026/10/02 21:48:25.670, 575.58, 63, 50, 88310, 1965
2026/10/02 21:48:26.672, 683.77, 100, 95, 88310, 1770
2026/10/02 21:48:27.674, 685.34, 100, 95, 88310, 1770
2026/10/02 21:48:28.675, 681.70, 100, 95, 88310, 1755
2026/10/02 21:48:29.677, 678.32, 100, 95, 88310, 1785
2026/10/02 21:48:30.678, 683.33, 100, 95, 88310, 1740
2026/10/02 21:48:31.679, 682.36, 100, 95, 88310, 1755
2026/10/02 21:48:32.679, 682.63, 100, 95, 88310, 1740
2026/10/02 21:48:33.680, 682.85, 100, 95, 88310, 1755
2026/10/02 21:48:34.682, 682.98, 100, 95, 88310, 1740
2026/10/02 21:48:35.683, 682.68, 100, 95, 88310, 1740
2026/10/02 21:48:36.685, 682.62, 100, 95, 88310, 1755
2026/10/02 21:48:37.686, 680.82, 100, 95, 88310, 1725
2026/10/02 21:48:38.686, 682.62, 100, 95, 88310, 1755
2026/10/02 21:48:39.688, 682.63, 100, 95, 88310, 1740
2026/10/02 21:48:40.690, 681.57, 100, 95, 88310, 1740
2026/10/02 21:48:41.691, 681.85, 100, 95, 88310, 1740
2026/10/02 21:48:42.693, 680.77, 87, 74, 88310, 1740
2026/10/02 21:48:43.694, 672.82, 100, 38, 88310, 1455
2026/10/02 21:48:44.696, 675.58, 100, 35, 88310, 1470
2026/10/02 21:48:45.698, 682.24, 100, 39, 88310, 1425
2026/10/02 21:48:46.700, 673.02, 100, 35, 88310, 1455
2026/10/02 21:48:47.701, 673.64, 100, 39, 88310, 1440
2026/10/02 21:48:48.702, 678.48, 100, 40, 88310, 1440
2026/10/02 21:48:49.703, 673.11, 100, 35, 88310, 1470
2026/10/02 21:48:50.706, 677.37, 100, 36, 88310, 1440
2026/10/02 21:48:51.707, 675.18, 100, 39, 88310, 1425
2026/10/02 21:48:52.709, 672.22, 100, 37, 88310, 1485
2026/10/02 21:48:53.711, 672.05, 97, 61, 88310, 1440
2026/10/02 21:48:54.712, 665.24, 100, 94, 88310, 1710
2026/10/02 21:48:55.713, 681.42, 100, 95, 88310, 1740
2026/10/02 21:48:56.715, 681.66, 100, 95, 88310, 1740
2026/10/02 21:48:57.716, 677.96, 89, 85, 88310, 1785
2026/10/02 21:48:58.718, 684.90, 100, 95, 88310, 1755
2026/10/02 21:48:59.720, 682.52, 100, 95, 88310, 1740
2026/10/02 21:49:00.722, 682.00, 100, 95, 88310, 1740
2026/10/02 21:49:01.723, 684.50, 100, 95, 88310, 1740
2026/10/02 21:49:02.724, 681.86, 100, 95, 88310, 1740
2026/10/02 21:49:03.727, 683.99, 100, 95, 88310, 1725
2026/10/02 21:49:04.728, 682.97, 100, 95, 88310, 1725
2026/10/02 21:49:05.730, 683.52, 100, 95, 88310, 1725
2026/10/02 21:49:06.731, 682.79, 100, 95, 88310, 1740
2026/10/02 21:49:07.734, 677.59, 100, 95, 88310, 1740
2026/10/02 21:49:08.736, 685.18, 100, 95, 88310, 1740
2026/10/02 21:49:09.738, 683.15, 100, 95, 88310, 1710
2026/10/02 21:49:10.739, 681.21, 100, 95, 88310, 1755
2026/10/02 21:49:11.740, 588.67, 96, 40, 88310, 1545
2026/10/02 21:49:12.740, 675.75, 100, 36, 88310, 1455
2026/10/02 21:49:13.740, 674.99, 100, 37, 88310, 1440
2026/10/02 21:49:14.742, 674.49, 100, 37, 88310, 1455
2026/10/02 21:49:15.744, 676.46, 100, 36, 88310, 1455
2026/10/02 21:49:16.747, 675.20, 100, 40, 88310, 1440
2026/10/02 21:49:17.749, 674.57, 100, 35, 88310, 1455
2026/10/02 21:49:18.751, 675.54, 100, 35, 88310, 1440
2026/10/02 21:49:19.754, 673.17, 100, 38, 88310, 1455
2026/10/02 21:49:20.757, 673.85, 100, 36, 88310, 1485
2026/10/02 21:49:21.759, 672.28, 100, 38, 88310, 1455
2026/10/02 21:49:22.760, 641.95, 65, 34, 88310, 1950
2026/10/02 21:49:23.762, 560.61, 69, 57, 88310, 1905
2026/10/02 21:49:24.763, 686.36, 100, 95, 88310, 1770
2026/10/02 21:49:25.764, 681.41, 100, 95, 88310, 1770
2026/10/02 21:49:26.765, 681.84, 100, 95, 88310, 1755
2026/10/02 21:49:27.766, 680.93, 100, 95, 88310, 1770
2026/10/02 21:49:28.767, 681.72, 100, 95, 88310, 1770
2026/10/02 21:49:29.769, 681.66, 100, 95, 88310, 1755
2026/10/02 21:49:30.770, 681.13, 100, 95, 88310, 1755
2026/10/02 21:49:31.771, 681.04, 100, 95, 88310, 1755
2026/10/02 21:49:32.773, 682.12, 100, 95, 88310, 1755
2026/10/02 21:49:33.775, 680.82, 100, 95, 88310, 1755
2026/10/02 21:49:34.777, 682.31, 100, 95, 88310, 1725
2026/10/02 21:49:35.780, 681.67, 100, 95, 88310, 1740
2026/10/02 21:49:36.782, 682.20, 100, 95, 88310, 1710
2026/10/02 21:49:37.784, 677.93, 100, 95, 88310, 1725
2026/10/02 21:49:38.785, 681.48, 100, 95, 88310, 1725
2026/10/02 21:49:39.786, 683.22, 100, 95, 88310, 1710
2026/10/02 21:49:40.787, 626.01, 58, 28, 88310, 1485
2026/10/02 21:49:41.789, 650.14, 100, 35, 88310, 1470
2026/10/02 21:49:42.791, 678.56, 100, 35, 88310, 1470
2026/10/02 21:49:43.793, 676.68, 100, 35, 88310, 1470
2026/10/02 21:49:44.794, 678.66, 100, 38, 88310, 1485
2026/10/02 21:49:45.796, 673.09, 100, 39, 88310, 1440
2026/10/02 21:49:46.798, 676.50, 100, 40, 88310, 1440
2026/10/02 21:49:47.800, 675.24, 100, 35, 88310, 1455
2026/10/02 21:49:48.803, 674.82, 100, 41, 88310, 1470
2026/10/02 21:49:49.805, 674.12, 100, 36, 88310, 1485
2026/10/02 21:49:50.807, 654.23, 100, 35, 88310, 1740
2026/10/02 21:49:51.808, 663.02, 100, 43, 88310, 1545
2026/10/02 21:49:52.809, 499.02, 54, 46, 88310, 1965
2026/10/02 21:49:53.811, 682.16, 100, 94, 88310, 1770
2026/10/02 21:49:54.813, 682.34, 100, 95, 88310, 1755
2026/10/02 21:49:55.814, 681.69, 100, 95, 88310, 1755
2026/10/02 21:49:56.816, 675.72, 100, 95, 88310, 1770
2026/10/02 21:49:57.817, 682.88, 100, 95, 88310, 1755
2026/10/02 21:49:58.818, 681.57, 100, 95, 88310, 1740
2026/10/02 21:49:59.819, 683.57, 100, 95, 88310, 1740
2026/10/02 21:50:00.820, 682.10, 100, 95, 88310, 1755
2026/10/02 21:50:01.822, 683.28, 100, 95, 88310, 1725
2026/10/02 21:50:02.823, 680.84, 100, 95, 88310, 1710
2026/10/02 21:50:03.824, 682.15, 100, 95, 88310, 1710
2026/10/02 21:50:04.827, 680.83, 100, 95, 88310, 1755
2026/10/02 21:50:05.829, 683.43, 100, 95, 88310, 1755
2026/10/02 21:50:06.830, 679.94, 100, 95, 88310, 1725
2026/10/02 21:50:07.831, 682.94, 100, 95, 88310, 1740
2026/10/02 21:50:08.833, 683.12, 98, 94, 88310, 1725
2026/10/02 21:50:09.835, 597.33, 57, 45, 88310, 1965
2026/10/02 21:50:10.837, 530.78, 30, 20, 88310, 1530
2026/10/02 21:50:11.838, 649.45, 100, 92, 88310, 1980
2026/10/02 21:50:12.840, 545.13, 100, 91, 88310, 1980
2026/10/02 21:50:13.842, 541.05, 100, 91, 88310, 1980
2026/10/02 21:50:14.844, 544.59, 100, 91, 88310, 1980
2026/10/02 21:50:15.846, 547.45, 100, 90, 88310, 1980
2026/10/02 21:50:16.848, 541.82, 100, 90, 88310, 1980
2026/10/02 21:50:17.849, 540.02, 100, 91, 88310, 1980
2026/10/02 21:50:18.850, 542.68, 100, 90, 88310, 1980
2026/10/02 21:50:19.852, 539.35, 100, 90, 88310, 1980
2026/10/02 21:50:20.853, 534.94, 100, 90, 88310, 1980
2026/10/02 21:50:21.854, 423.30, 0, 0, 88310, 1980
2026/10/02 21:50:22.856, 138.95, 0, 0, 88310, 1980
2026/10/02 21:50:23.858, 136.40, 0, 0, 88310, 1980
2026/10/02 21:50:24.862, 135.81, 0, 0, 88310, 1980
2026/10/02 21:50:25.864, 135.24, 0, 0, 88310, 1980
2026/10/02 21:50:26.865, 134.67, 0, 0, 88310, 1980
2026/10/02 21:50:27.867, 134.19, 0, 0, 88310, 1980
2026/10/02 21:50:28.869, 134.02, 0, 0, 88310, 1980
2026/10/02 21:50:29.870, 134.02, 0, 0, 88310, 1980
2026/10/02 21:50:30.871, 133.12, 0, 0, 88310, 1980
2026/10/02 21:50:31.873, 133.27, 0, 0, 88310, 1980
2026/10/02 21:50:32.875, 133.01, 0, 0, 88310, 1980
2026/10/02 21:50:33.877, 132.60, 0, 0, 88310, 1980
2026/10/02 21:50:34.880, 132.37, 0, 0, 88310, 1980
2026/10/02 21:50:35.881, 132.03, 0, 0, 88310, 1980
2026/10/02 21:50:36.883, 132.01, 0, 0, 88310, 1980
2026/10/02 21:50:37.885, 131.79, 0, 0, 88310, 1980
2026/10/02 21:50:38.887, 131.60, 0, 0, 88310, 1980
2026/10/02 21:50:39.889, 321.39, 100, 92, 88310, 1980
2026/10/02 21:50:40.891, 497.51, 100, 92, 88310, 1980
2026/10/02 21:50:41.891, 498.30, 100, 92, 88310, 1980
2026/10/02 21:50:42.894, 503.52, 100, 92, 88310, 1980
2026/10/02 21:50:43.895, 497.14, 100, 92, 88310, 1980
2026/10/02 21:50:44.896, 504.27, 100, 92, 88310, 1980
2026/10/02 21:50:45.897, 499.48, 92, 85, 88310, 1980
2026/10/02 21:50:46.898, 503.67, 100, 92, 88310, 1980
2026/10/02 21:50:47.899, 502.72, 100, 92, 88310, 1980
2026/10/02 21:50:48.901, 473.76, 43, 39, 88310, 1980
2026/10/02 21:50:49.903, 386.87, 100, 36, 88310, 1500
2026/10/02 21:50:50.905, 673.96, 100, 34, 88310, 1470
2026/10/02 21:50:51.907, 675.06, 100, 35, 88310, 1470
2026/10/02 21:50:52.909, 674.84, 100, 36, 88310, 1470
2026/10/02 21:50:53.910, 676.10, 100, 35, 88310, 1470
2026/10/02 21:50:54.913, 674.83, 100, 34, 88310, 1455
2026/10/02 21:50:55.914, 673.39, 100, 35, 88310, 1455
2026/10/02 21:50:56.916, 676.90, 100, 35, 88310, 1470
2026/10/02 21:50:57.917, 674.52, 100, 35, 88310, 1470
2026/10/02 21:50:58.918, 675.18, 100, 35, 88310, 1455
2026/10/02 21:50:59.920, 674.46, 100, 37, 88310, 1470
2026/10/02 21:51:00.921, 524.51, 41, 21, 88310, 1965
2026/10/02 21:51:01.922, 697.65, 100, 95, 88310, 1800
2026/10/02 21:51:02.925, 681.17, 97, 93, 88310, 1815
2026/10/02 21:51:03.927, 683.10, 100, 95, 88310, 1755
2026/10/02 21:51:04.930, 681.52, 100, 95, 88310, 1770
2026/10/02 21:51:05.932, 681.95, 100, 95, 88310, 1755
2026/10/02 21:51:06.932, 681.82, 100, 95, 88310, 1755
2026/10/02 21:51:07.933, 682.16, 100, 95, 88310, 1755
2026/10/02 21:51:08.934, 682.85, 100, 95, 88310, 1770
2026/10/02 21:51:09.937, 680.36, 98, 94, 88310, 1845
2026/10/02 21:51:10.938, 684.21, 100, 95, 88310, 1740
2026/10/02 21:51:11.940, 681.85, 100, 95, 88310, 1755
2026/10/02 21:51:12.941, 683.34, 100, 95, 88310, 1725
2026/10/02 21:51:13.942, 680.61, 100, 95, 88310, 1740
2026/10/02 21:51:14.943, 680.83, 100, 95, 88310, 1740
2026/10/02 21:51:15.946, 680.11, 100, 95, 88310, 1755
2026/10/02 21:51:16.948, 683.43, 100, 95, 88310, 1725
2026/10/02 21:51:17.950, 628.24, 57, 47, 88310, 1650
2026/10/02 21:51:18.952, 685.05, 100, 37, 88310, 1500
2026/10/02 21:51:19.954, 679.05, 100, 38, 88310, 1470
2026/10/02 21:51:20.955, 672.56, 100, 36, 88310, 1455
2026/10/02 21:51:21.957, 668.34, 100, 39, 88310, 1440
2026/10/02 21:51:22.958, 677.68, 100, 39, 88310, 1440
2026/10/02 21:51:23.960, 674.72, 100, 35, 88310, 1470
2026/10/02 21:51:24.961, 675.81, 100, 35, 88310, 1440
2026/10/02 21:51:25.962, 674.01, 100, 39, 88310, 1440
2026/10/02 21:51:26.965, 677.31, 100, 40, 88310, 1440
2026/10/02 21:51:27.967, 671.92, 100, 35, 88310, 1455
2026/10/02 21:51:28.969, 668.10, 100, 38, 88310, 1485
2026/10/02 21:51:29.970, 521.26, 47, 24, 88310, 1965
2026/10/02 21:51:30.971, 684.63, 100, 95, 88310, 1785
2026/10/02 21:51:31.972, 684.07, 100, 95, 88310, 1740
2026/10/02 21:51:32.972, 679.97, 97, 92, 88310, 1755
2026/10/02 21:51:33.973, 682.29, 100, 95, 88310, 1740
2026/10/02 21:51:34.974, 682.16, 100, 95, 88310, 1740
2026/10/02 21:51:35.975, 681.11, 100, 95, 88310, 1755
2026/10/02 21:51:36.976, 682.05, 100, 95, 88310, 1755
2026/10/02 21:51:37.977, 682.79, 100, 95, 88310, 1740
2026/10/02 21:51:38.978, 682.90, 100, 95, 88310, 1740
2026/10/02 21:51:39.979, 679.43, 100, 95, 88310, 1710
2026/10/02 21:51:40.981, 681.35, 100, 95, 88310, 1740
2026/10/02 21:51:41.982, 681.85, 100, 95, 88310, 1740
2026/10/02 21:51:42.983, 680.14, 98, 94, 88310, 1755
2026/10/02 21:51:43.984, 684.40, 100, 95, 88310, 1710
2026/10/02 21:51:44.985, 683.29, 100, 95, 88310, 1725
2026/10/02 21:51:45.986, 683.52, 100, 95, 88310, 1725
2026/10/02 21:51:46.987, 612.77, 59, 46, 88310, 1965
2026/10/02 21:51:47.989, 640.39, 100, 38, 88310, 1470
2026/10/02 21:51:48.990, 674.39, 100, 37, 88310, 1470
2026/10/02 21:51:49.994, 676.17, 100, 34, 88310, 1455
2026/10/02 21:51:50.997, 676.36, 100, 39, 88310, 1440
2026/10/02 21:51:51.998, 680.21, 100, 36, 88310, 1455
2026/10/02 21:51:53.001, 673.40, 100, 35, 88310, 1455
2026/10/02 21:51:54.003, 676.29, 100, 39, 88310, 1440
2026/10/02 21:51:55.005, 676.80, 100, 39, 88310, 1425
2026/10/02 21:51:56.007, 674.43, 100, 35, 88310, 1455
2026/10/02 21:51:57.008, 677.28, 100, 39, 88310, 1485
2026/10/02 21:51:58.011, 673.76, 100, 35, 88310, 1470
2026/10/02 21:51:59.012, 621.21, 62, 33, 88310, 1785
2026/10/02 21:52:00.014, 608.26, 100, 95, 88310, 1725
2026/10/02 21:52:01.015, 678.32, 100, 95, 88310, 1740
2026/10/02 21:52:02.016, 682.39, 100, 95, 88310, 1740
2026/10/02 21:52:03.018, 681.84, 100, 95, 88310, 1740
2026/10/02 21:52:04.020, 681.85, 100, 95, 88310, 1740
2026/10/02 21:52:05.021, 679.44, 97, 92, 88310, 1845
2026/10/02 21:52:06.023, 685.23, 100, 95, 88310, 1725
2026/10/02 21:52:07.024, 682.70, 100, 95, 88310, 1725
2026/10/02 21:52:08.025, 682.01, 100, 95, 88310, 1740
2026/10/02 21:52:09.027, 684.45, 100, 95, 88310, 1695
2026/10/02 21:52:10.029, 683.24, 100, 95, 88310, 1710
2026/10/02 21:52:11.030, 683.58, 100, 95, 88310, 1710
2026/10/02 21:52:12.031, 684.81, 100, 95, 88310, 1740
2026/10/02 21:52:13.031, 682.81, 100, 95, 88310, 1725
2026/10/02 21:52:14.032, 683.94, 100, 95, 88310, 1725
2026/10/02 21:52:15.035, 683.44, 100, 95, 88310, 1710
2026/10/02 21:52:16.037, 684.58, 100, 96, 88310, 1725
2026/10/02 21:52:17.038, 597.83, 100, 40, 88310, 1515
2026/10/02 21:52:18.041, 668.92, 100, 36, 88310, 1485
2026/10/02 21:52:19.043, 675.57, 100, 39, 88310, 1470
2026/10/02 21:52:20.044, 676.75, 100, 41, 88310, 1440
2026/10/02 21:52:21.045, 676.82, 100, 41, 88310, 1440
2026/10/02 21:52:22.047, 674.23, 100, 35, 88310, 1470
2026/10/02 21:52:23.049, 677.26, 100, 39, 88310, 1425
2026/10/02 21:52:24.051, 672.89, 100, 36, 88310, 1470
2026/10/02 21:52:25.053, 674.18, 100, 43, 88310, 1455
2026/10/02 21:52:26.054, 672.46, 100, 36, 88310, 1515
2026/10/02 21:52:27.056, 667.36, 100, 40, 88310, 1560
2026/10/02 21:52:28.058, 632.83, 67, 33, 88310, 1965
2026/10/02 21:52:29.059, 572.00, 34, 24, 88310, 1965
2026/10/02 21:52:30.061, 668.94, 100, 94, 88310, 1740
2026/10/02 21:52:31.062, 683.72, 100, 95, 88310, 1725
2026/10/02 21:52:32.064, 680.72, 100, 95, 88310, 1770
2026/10/02 21:52:33.065, 683.84, 100, 95, 88310, 1740
2026/10/02 21:52:34.067, 682.48, 100, 95, 88310, 1725
2026/10/02 21:52:35.068, 683.49, 100, 95, 88310, 1740
2026/10/02 21:52:36.069, 683.14, 100, 95, 88310, 1725
2026/10/02 21:52:37.070, 682.92, 100, 95, 88310, 1740
2026/10/02 21:52:38.071, 682.11, 97, 92, 88310, 1755
2026/10/02 21:52:39.071, 681.42, 98, 94, 88310, 1725
2026/10/02 21:52:40.072, 682.87, 100, 95, 88310, 1725
2026/10/02 21:52:41.073, 682.14, 100, 95, 88310, 1710
2026/10/02 21:52:42.075, 683.35, 100, 95, 88310, 1710
2026/10/02 21:52:43.076, 682.66, 100, 95, 88310, 1710
2026/10/02 21:52:44.077, 683.45, 100, 95, 88310, 1710
2026/10/02 21:52:45.079, 685.34, 100, 95, 88310, 1725
2026/10/02 21:52:46.081, 600.57, 44, 38, 88310, 1965
2026/10/02 21:52:47.082, 615.34, 31, 20, 88310, 1500
2026/10/02 21:52:48.083, 678.47, 100, 36, 88310, 1455
2026/10/02 21:52:49.084, 674.35, 100, 40, 88310, 1455
2026/10/02 21:52:50.085, 677.55, 100, 39, 88310, 1455
2026/10/02 21:52:51.087, 674.14, 100, 38, 88310, 1440
2026/10/02 21:52:52.088, 674.62, 100, 39, 88310, 1440
2026/10/02 21:52:53.089, 677.05, 100, 36, 88310, 1440
2026/10/02 21:52:54.090, 672.38, 100, 37, 88310, 1500
2026/10/02 21:52:55.091, 675.41, 100, 38, 88310, 1470
2026/10/02 21:52:56.093, 670.53, 100, 36, 88310, 1455
2026/10/02 21:52:57.095, 672.17, 100, 36, 88310, 1455
2026/10/02 21:52:58.095, 672.91, 100, 44, 88310, 1515
2026/10/02 21:52:59.096, 597.77, 86, 80, 88310, 1890
2026/10/02 21:53:00.098, 681.97, 100, 95, 88310, 1740
2026/10/02 21:53:01.098, 681.94, 100, 95, 88310, 1755
2026/10/02 21:53:02.099, 682.05, 100, 95, 88310, 1755
2026/10/02 21:53:03.100, 683.28, 100, 95, 88310, 1740
2026/10/02 21:53:04.100, 681.57, 100, 95, 88310, 1755
2026/10/02 21:53:05.102, 682.63, 100, 95, 88310, 1755
2026/10/02 21:53:06.103, 682.02, 100, 95, 88310, 1740
2026/10/02 21:53:07.103, 683.34, 100, 95, 88310, 1725
2026/10/02 21:53:08.105, 682.24, 100, 95, 88310, 1740
2026/10/02 21:53:09.105, 683.30, 100, 95, 88310, 1725
2026/10/02 21:53:10.107, 682.34, 100, 95, 88310, 1740
2026/10/02 21:53:11.108, 681.53, 100, 95, 88310, 1770
2026/10/02 21:53:12.108, 683.52, 100, 95, 88310, 1740
2026/10/02 21:53:13.109, 680.37, 100, 95, 88310, 1740
2026/10/02 21:53:14.110, 684.26, 100, 95, 88310, 1740
2026/10/02 21:53:15.111, 682.03, 100, 95, 88310, 1740
2026/10/02 21:53:16.112, 516.70, 61, 35, 88310, 1680
2026/10/02 21:53:17.113, 666.45, 98, 38, 88310, 1560
2026/10/02 21:53:18.114, 670.76, 100, 35, 88310, 1470
2026/10/02 21:53:19.115, 674.12, 100, 37, 88310, 1470
2026/10/02 21:53:20.117, 677.34, 100, 34, 88310, 1455
2026/10/02 21:53:21.118, 678.32, 100, 39, 88310, 1440
2026/10/02 21:53:22.119, 675.67, 100, 39, 88310, 1440
2026/10/02 21:53:23.119, 671.49, 100, 39, 88310, 1515
2026/10/02 21:53:24.120, 676.35, 100, 35, 88310, 1455
2026/10/02 21:53:25.122, 679.63, 100, 36, 88310, 1455
2026/10/02 21:53:26.123, 673.58, 100, 35, 88310, 1470
2026/10/02 21:53:27.124, 675.30, 100, 36, 88310, 1440
2026/10/02 21:53:28.124, 667.47, 85, 49, 88310, 1515
2026/10/02 21:53:29.125, 616.70, 100, 96, 88310, 1815
2026/10/02 21:53:30.127, 680.66, 100, 95, 88310, 1740
2026/10/02 21:53:31.128, 681.30, 100, 95, 88310, 1755
2026/10/02 21:53:32.129, 681.26, 100, 95, 88310, 1740
2026/10/02 21:53:33.130, 682.32, 100, 95, 88310, 1755
2026/10/02 21:53:34.130, 682.56, 100, 95, 88310, 1755
2026/10/02 21:53:35.131, 683.76, 100, 95, 88310, 1755
2026/10/02 21:53:36.132, 681.48, 100, 95, 88310, 1755
2026/10/02 21:53:37.133, 682.47, 100, 95, 88310, 1740
2026/10/02 21:53:38.134, 681.58, 100, 95, 88310, 1755
2026/10/02 21:53:39.135, 682.58, 100, 95, 88310, 1755
2026/10/02 21:53:40.136, 682.64, 100, 95, 88310, 1710
2026/10/02 21:53:41.137, 683.07, 100, 95, 88310, 1725
2026/10/02 21:53:42.138, 679.22, 100, 95, 88310, 1710
2026/10/02 21:53:43.139, 683.70, 100, 95, 88310, 1740
2026/10/02 21:53:44.139, 682.08, 100, 96, 88310, 1740
2026/10/02 21:53:45.141, 653.59, 100, 95, 88310, 1950
2026/10/02 21:53:46.142, 500.44, 55, 28, 88310, 1980
2026/10/02 21:53:47.142, 664.18, 100, 39, 88310, 1455
2026/10/02 21:53:48.143, 670.88, 100, 36, 88310, 1470
2026/10/02 21:53:49.144, 673.68, 100, 36, 88310, 1455
2026/10/02 21:53:50.146, 673.93, 100, 36, 88310, 1470
2026/10/02 21:53:51.147, 677.82, 100, 41, 88310, 1455
2026/10/02 21:53:52.147, 676.51, 100, 39, 88310, 1455
2026/10/02 21:53:53.148, 677.47, 100, 35, 88310, 1470
2026/10/02 21:53:54.149, 675.06, 83, 35, 88310, 1455
2026/10/02 21:53:55.151, 672.90, 100, 37, 88310, 1470
2026/10/02 21:53:56.151, 675.13, 100, 40, 88310, 1530
2026/10/02 21:53:57.152, 673.04, 100, 45, 88310, 1515
2026/10/02 21:53:58.153, 667.84, 100, 62, 88310, 1485
2026/10/02 21:53:59.154, 652.45, 100, 95, 88310, 1695
2026/10/02 21:54:00.156, 679.77, 100, 95, 88310, 1755
2026/10/02 21:54:01.156, 681.56, 100, 95, 88310, 1755
2026/10/02 21:54:02.157, 683.77, 100, 95, 88310, 1755
2026/10/02 21:54:03.158, 682.05, 100, 95, 88310, 1755
2026/10/02 21:54:04.159, 681.49, 100, 95, 88310, 1755
2026/10/02 21:54:05.160, 682.27, 100, 95, 88310, 1755
2026/10/02 21:54:06.161, 682.16, 100, 95, 88310, 1740
2026/10/02 21:54:07.162, 682.13, 100, 95, 88310, 1740
2026/10/02 21:54:08.163, 683.46, 100, 95, 88310, 1740
2026/10/02 21:54:09.164, 684.18, 100, 95, 88310, 1755
2026/10/02 21:54:10.165, 682.46, 100, 95, 88310, 1740
2026/10/02 21:54:11.166, 683.58, 100, 95, 88310, 1725
2026/10/02 21:54:12.166, 682.86, 100, 95, 88310, 1725
2026/10/02 21:54:13.167, 683.56, 100, 95, 88310, 1740
2026/10/02 21:54:14.167, 683.32, 100, 95, 88310, 1740
2026/10/02 21:54:15.169, 572.02, 42, 22, 88310, 1980
2026/10/02 21:54:16.170, 484.00, 29, 21, 88310, 1965
2026/10/02 21:54:17.170, 659.43, 100, 37, 88310, 1425
2026/10/02 21:54:18.171, 628.35, 100, 37, 88310, 1425
2026/10/02 21:54:19.172, 656.23, 77, 31, 88310, 1470
2026/10/02 21:54:20.173, 676.83, 100, 36, 88310, 1455
2026/10/02 21:54:21.174, 676.45, 100, 36, 88310, 1485
2026/10/02 21:54:22.175, 674.99, 100, 40, 88310, 1455
2026/10/02 21:54:23.176, 678.26, 100, 36, 88310, 1455
2026/10/02 21:54:24.177, 674.62, 100, 35, 88310, 1470
2026/10/02 21:54:25.178, 670.05, 100, 37, 88310, 1470
2026/10/02 21:54:26.179, 672.33, 92, 42, 88310, 1455
2026/10/02 21:54:27.179, 673.53, 100, 39, 88310, 1470
2026/10/02 21:54:28.180, 669.97, 100, 38, 88310, 1515
2026/10/02 21:54:29.181, 506.49, 40, 20, 88310, 1980
2026/10/02 21:54:30.182, 624.12, 100, 94, 88310, 1680
2026/10/02 21:54:31.183, 682.11, 100, 95, 88310, 1755
2026/10/02 21:54:32.184, 681.66, 100, 95, 88310, 1755
2026/10/02 21:54:33.185, 682.56, 100, 95, 88310, 1740
2026/10/02 21:54:34.186, 682.50, 100, 95, 88310, 1755
2026/10/02 21:54:35.187, 682.74, 100, 95, 88310, 1740
2026/10/02 21:54:36.188, 680.25, 100, 95, 88310, 1755
2026/10/02 21:54:37.189, 682.87, 100, 95, 88310, 1740
2026/10/02 21:54:38.190, 682.21, 100, 95, 88310, 1755
2026/10/02 21:54:39.190, 682.68, 100, 95, 88310, 1710
2026/10/02 21:54:40.191, 679.52, 100, 95, 88310, 1740
2026/10/02 21:54:41.192, 683.78, 100, 95, 88310, 1725
2026/10/02 21:54:42.193, 683.22, 100, 95, 88310, 1740
2026/10/02 21:54:43.194, 681.04, 100, 95, 88310, 1800
2026/10/02 21:54:44.195, 683.80, 100, 95, 88310, 1725
2026/10/02 21:54:45.196, 684.92, 100, 95, 88310, 1740
2026/10/02 21:54:46.197, 536.66, 30, 21, 88310, 1965
2026/10/02 21:54:47.197, 491.87, 64, 34, 88310, 1965
2026/10/02 21:54:48.198, 637.42, 100, 35, 88310, 1545
2026/10/02 21:54:49.199, 638.23, 100, 35, 88310, 1470
2026/10/02 21:54:50.200, 577.03, 100, 93, 88310, 1980
2026/10/02 21:54:51.201, 574.94, 100, 92, 88310, 1980
2026/10/02 21:54:52.202, 567.70, 100, 92, 88310, 1980
2026/10/02 21:54:53.203, 568.79, 100, 92, 88310, 1980
2026/10/02 21:54:54.204, 573.42, 100, 92, 88310, 1980
2026/10/02 21:54:55.205, 574.38, 100, 92, 88310, 1980
2026/10/02 21:54:56.206, 575.56, 100, 92, 88310, 1980
2026/10/02 21:54:57.206, 572.67, 100, 92, 88310, 1980
2026/10/02 21:54:58.207, 575.66, 100, 92, 88310, 1980
2026/10/02 21:54:59.208, 573.02, 100, 92, 88310, 1980
2026/10/02 21:55:00.209, 572.11, 100, 92, 88310, 1980
2026/10/02 21:55:01.210, 344.97, 0, 0, 88310, 1980
